<?xml version="1.0"?>
 
<config xmlns:xsi="http://www.w3.org/2001/XMLSchema-instance"
xsi:noNamespaceSchemaLocation="../../../../../lib/internal/Magento/Framework/Acl/etc/acl.xsd">
	<acl>
		<resources>
			<resource id="Magento_Backend::admin">
				<resource id="Magento_Backend::stores">
					<resource id="Magento_Backend::stores_settings">
						<resource id="Magento_Config::config">
							<resource id="Magerips_SocialSharing::system_config" title="Social Sharing" />
						</resource>
					</resource>
				</resource>
			</resource>
		</resources>
	</acl>
</config>