<?xml version="1.0"?>

<config xmlns:xsi="http://www.w3.org/2001/XMLSchema-instance"
        xsi:noNamespaceSchemaLocation="urn:magento:framework:Backend/etc/system_file.xsd">
    <system>
        <tab id="iwd" translate="label" sortOrder="1">
            <label>IWD Agency</label>
        </tab>
        <section id="iwd_newsletterpopup" translate="label" sortOrder="1" showInDefault="1"
                 showInWebsite="1" showInStore="1">
            <label>Newsletter Pop-up</label>
            <tab>iwd</tab>
            <resource>IWD_NewsletterPopup::system_config</resource>
            <group id="info" translate="label" type="text" sortOrder="1" showInDefault="1" showInWebsite="1" showInStore="1">
                <label>Info</label>
                <field id="version" translate="label" type="text" sortOrder="1" showInDefault="1" showInWebsite="0" showInStore="0">
                    <label>Version</label>
                    <frontend_model>IWD\NewsletterPopup\Block\Adminhtml\System\Config\Version</frontend_model>
                </field>
                <field id="documentation" translate="label" type="text" sortOrder="2" showInDefault="1" showInWebsite="0" showInStore="0">
                    <label>Documentation</label>
                    <frontend_model>IWD\NewsletterPopup\Block\Adminhtml\System\Config\Documentation</frontend_model>
                </field>
            </group>
            <group id="general" translate="label" type="text" sortOrder="10" showInDefault="1"
                   showInWebsite="1" showInStore="1">
                <label>General Settings</label>
                <field id="enable_in_frontend" translate="label" type="select" sortOrder="5"
                       showInDefault="1" showInWebsite="1" showInStore="1">
                    <label>Enable</label>
                    <source_model>Magento\Config\Model\Config\Source\Yesno</source_model>
                </field>
                <field id="popup_with" translate="label" type="text" sortOrder="6"
                       showInDefault="1" showInWebsite="1" showInStore="1">
                    <label>Pop-Up Width</label>
                    <validate>required-entry</validate>
                    <comment>Specify in pixels the width of the pop-up, i.e. 800.</comment>
                    <depends>
                        <field id="enable_in_frontend">1</field>
                    </depends>
                </field>
                <field id="popup_top_position" translate="label" type="text" sortOrder="7"
                       showInDefault="1" showInWebsite="1" showInStore="1">
                    <label>Placement</label>
                    <validate>required-entry</validate>
                    <comment>Enter 'auto' to automatically center the pop-up on the user's screen or specify in pixels the distance between the top of the screen and the pop-up.</comment>
                    <depends>
                        <field id="enable_in_frontend">1</field>
                    </depends>
                </field>
                <field id="enable_link_in_footer" translate="label" type="select" sortOrder="51"
                       showInDefault="1" showInWebsite="1" showInStore="1">
                    <label>Display Newsletter Link in Footer</label>
                    <source_model>Magento\Config\Model\Config\Source\Yesno</source_model>
                    <depends>
                        <field id="enable_in_frontend">1</field>
                    </depends>
                </field>
                <field id="footer_link_text" translate="label" type="text" sortOrder="52"
                       showInDefault="1" showInWebsite="1" showInStore="1">
                    <label>Footer Text</label>
                    <validate>required-entry</validate>
                    <depends>
                        <field id="enable_in_frontend">1</field>
                        <field id="enable_link_in_footer">1</field>
                    </depends>
                </field>
                <field id="css_path_for_links" translate="label" type="text" sortOrder="53"
                       showInDefault="1" showInWebsite="1" showInStore="1">
                    <label>CSS Path for Footer Link</label>
                    <validate>required-entry</validate>
                    <comment>Enter the CSS path where the newsletter link will be placed.</comment>
                    <depends>
                        <field id="enable_in_frontend">1</field>
                        <field id="enable_link_in_footer">1</field>
                    </depends>
                </field>
                <field id="popup_timing" translate="label" type="text" sortOrder="25"
                       showInDefault="1" showInWebsite="1" showInStore="1">
                    <label>Timing</label>
                    <validate>required-entry</validate>
                    <comment>Specify in seconds when to show pop-up after the page finishes loading.</comment>
                    <depends>
                        <field id="enable_in_frontend">1</field>
                    </depends>
                </field>
                <!--<field id="multiple_guest_subscription" translate="label" type="select" sortOrder="50"-->
                       <!--showInDefault="1" showInWebsite="1" showInStore="1">-->
                    <!--<label>Multiple Guest Subscription</label>-->
                    <!--<source_model>Magento\Config\Model\Config\Source\Yesno</source_model>-->
                    <!--<depends>-->
                        <!--<field id="enable_in_frontend">1</field>-->
                    <!--</depends>-->
                    <!--<comment>Allow users to register for the newsletter multiple times. If no, then user will see-->
                        <!--notification message.-->
                    <!--</comment>-->
                <!--</field>-->
            </group>
            <group id="design" translate="label" type="text" sortOrder="20" showInDefault="1"
                   showInWebsite="1" showInStore="1">
                <label>Design</label>
                <field id="button_color" translate="label" type="text" sortOrder="30"
                       showInDefault="1" showInWebsite="1" showInStore="1">
                    <label>Button Color</label>
                    <depends><field id="enable_in_frontend">1</field></depends>
                </field>
                <field id="button_hover_color" translate="label" type="text" sortOrder="35"
                       showInDefault="1" showInWebsite="1" showInStore="1">
                    <label>Button Hover Color</label>
                    <depends><field id="enable_in_frontend">1</field></depends>
                </field>
                <field id="button_text_color" translate="label" type="text" sortOrder="40"
                       showInDefault="1" showInWebsite="1" showInStore="1">
                    <label>Button Text Color</label>
                    <depends><field id="enable_in_frontend">1</field></depends>
                </field>
                <field id="button_hover_text_color" translate="label" type="text" sortOrder="45"
                       showInDefault="1" showInWebsite="1" showInStore="1">
                    <label>Button Text Hover Color</label>
                    <depends><field id="enable_in_frontend">1</field></depends>
                </field>
            </group>
            <group id="social_icons" translate="label" type="text" sortOrder="30" showInDefault="1"
                   showInWebsite="1" showInStore="1">
                <label>Social Icons</label>
                <field id="standard_icon_colors" translate="label" type="select" sortOrder="55"
                       showInDefault="1" showInWebsite="1" showInStore="1">
                    <label>Use Standard Icon Colors</label>
                    <source_model>Magento\Config\Model\Config\Source\Yesno</source_model>
                    <comment>If yes, then icons will use default social media colors. If no, then specify icon color per social account.</comment>
                    <depends>
                        <field id="enable_in_frontend">1</field>
                    </depends>
                </field>
                <field id="enable_facebook_icon" translate="label" type="select" sortOrder="60"
                       showInDefault="1" showInWebsite="1" showInStore="1">
                    <label>Enable Facebook?</label>
                    <source_model>Magento\Config\Model\Config\Source\Yesno</source_model>
                    <depends>
                        <field id="enable_in_frontend">1</field>
                    </depends>
                </field>
                <field id="facebook_link" translate="label" type="text" sortOrder="61"
                       showInDefault="1" showInWebsite="1" showInStore="1">
                    <label>Link</label>
                    <validate>required-entry</validate>
                    <depends>
                        <field id="enable_facebook_icon">1</field>
                    </depends>
                </field>
                <field id="facebook_icon_background" translate="label" type="text" sortOrder="62"
                       showInDefault="1" showInWebsite="1" showInStore="1">
                    <label>Background Color</label>
                    <validate>required-entry</validate>
                    <depends>
                        <field id="enable_facebook_icon">1</field>
                        <field id="standard_icon_colors">0</field>
                    </depends>

                </field>
                <field id="facebook_icon_color" translate="label" type="text" sortOrder="64"
                       showInDefault="1" showInWebsite="1" showInStore="1">
                    <label>Icon Color</label>
                    <validate>required-entry</validate>
                    <depends>
                        <field id="enable_facebook_icon">1</field>
                        <field id="standard_icon_colors">0</field>
                    </depends>

                </field>
                <field id="facebook_icon_hover_background" translate="label" type="text" sortOrder="63"
                       showInDefault="1" showInWebsite="1" showInStore="1">
                    <label>Background Hover Color</label>
                    <validate>required-entry</validate>
                    <depends>
                        <field id="enable_facebook_icon">1</field>
                        <field id="standard_icon_colors">0</field>
                    </depends>

                </field>
                <field id="facebook_icon_hover_color" translate="label" type="text" sortOrder="65"
                       showInDefault="1" showInWebsite="1" showInStore="1">
                    <label>Icon Hover Color</label>
                    <validate>required-entry</validate>
                    <depends>
                        <field id="enable_facebook_icon">1</field>
                        <field id="standard_icon_colors">0</field>
                    </depends>

                </field>
                <field id="enable_twitter_icon" translate="label" type="select" sortOrder="70"
                       showInDefault="1" showInWebsite="1" showInStore="1">
                    <label>Enable Twitter?</label>
                    <source_model>Magento\Config\Model\Config\Source\Yesno</source_model>
                </field>
                <field id="twitter_link" translate="label" type="text" sortOrder="71"
                       showInDefault="1" showInWebsite="1" showInStore="1">
                    <label>Link</label>
                    <validate>required-entry</validate>
                    <depends>
                        <field id="enable_twitter_icon">1</field>
                    </depends>
                </field>
                <field id="twitter_icon_background" translate="label" type="text" sortOrder="72"
                       showInDefault="1" showInWebsite="1" showInStore="1">
                    <label>Background Color</label>
                    <validate>required-entry</validate>
                    <depends>
                        <field id="enable_twitter_icon">1</field>
                        <field id="standard_icon_colors">0</field>
                    </depends>
                </field>
                <field id="twitter_icon_color" translate="label" type="text" sortOrder="74"
                       showInDefault="1" showInWebsite="1" showInStore="1">
                    <label>Icon Color</label>
                    <validate>required-entry</validate>
                    <depends>
                        <field id="enable_twitter_icon">1</field>
                        <field id="standard_icon_colors">0</field>
                    </depends>
                </field>
                <field id="twitter_icon_hover_background" translate="label" type="text" sortOrder="73"
                       showInDefault="1" showInWebsite="1" showInStore="1">
                    <label>Background Hover Color</label>
                    <validate>required-entry</validate>
                    <depends>
                        <field id="enable_twitter_icon">1</field>
                        <field id="standard_icon_colors">0</field>
                    </depends>
                </field>
                <field id="twitter_icon_hover_color" translate="label" type="text" sortOrder="75"
                       showInDefault="1" showInWebsite="1" showInStore="1">
                    <label>Icon Hover Color</label>
                    <validate>required-entry</validate>
                    <depends>
                        <field id="enable_twitter_icon">1</field>
                        <field id="standard_icon_colors">0</field>
                    </depends>
                </field>
                <field id="enable_linkedin_icon" translate="label" type="select" sortOrder="80"
                       showInDefault="1" showInWebsite="1" showInStore="1">
                    <label>Enable LinkedIn?</label>
                    <source_model>Magento\Config\Model\Config\Source\Yesno</source_model>
                </field>
                <field id="linkedin_link" translate="label" type="text" sortOrder="81"
                       showInDefault="1" showInWebsite="1" showInStore="1">
                    <label>Link</label>
                    <validate>required-entry</validate>
                    <depends>
                        <field id="enable_linkedin_icon">1</field>
                    </depends>
                </field>
                <field id="linkedIn_icon_background" translate="label" type="text" sortOrder="82"
                       showInDefault="1" showInWebsite="1" showInStore="1">
                    <label>Background Color</label>
                    <validate>required-entry</validate>
                    <depends>
                        <field id="enable_linkedin_icon">1</field>
                        <field id="standard_icon_colors">0</field>
                    </depends>
                </field>
                <field id="linkedin_icon_color" translate="label" type="text" sortOrder="84"
                       showInDefault="1" showInWebsite="1" showInStore="1">
                    <label>Icon Color</label>
                    <validate>required-entry</validate>
                    <depends>
                        <field id="enable_linkedin_icon">1</field>
                        <field id="standard_icon_colors">0</field>
                    </depends>
                </field>
                <field id="linkedin_icon_hover_background" translate="label" type="text" sortOrder="83"
                       showInDefault="1" showInWebsite="1" showInStore="1">
                    <label>Background Hover Color</label>
                    <validate>required-entry</validate>
                    <depends>
                        <field id="enable_linkedin_icon">1</field>
                        <field id="standard_icon_colors">0</field>
                    </depends>
                </field>
                <field id="linkedin_icon_hover_color" translate="label" type="text" sortOrder="85"
                       showInDefault="1" showInWebsite="1" showInStore="1">
                    <label>Icon Hover Color</label>
                    <validate>required-entry</validate>
                    <depends>
                        <field id="enable_linkedin_icon">1</field>
                        <field id="standard_icon_colors">0</field>
                    </depends>
                </field>
                <field id="enable_google_icon" translate="label" type="select" sortOrder="90"
                       showInDefault="1" showInWebsite="1" showInStore="1">
                    <label>Enable Google Plus?</label>
                    <source_model>Magento\Config\Model\Config\Source\Yesno</source_model>
                </field>
                <field id="google_link" translate="label" type="text" sortOrder="91"
                       showInDefault="1" showInWebsite="1" showInStore="1">
                    <label>Link</label>
                    <validate>required-entry</validate>
                    <depends>
                        <field id="enable_google_icon">1</field>
                    </depends>
                </field>
                <field id="google_icon_background" translate="label" type="text" sortOrder="92"
                       showInDefault="1" showInWebsite="1" showInStore="1">
                    <label>Background Color</label>
                    <validate>required-entry</validate>
                    <depends>
                        <field id="enable_google_icon">1</field>
                        <field id="standard_icon_colors">0</field>
                    </depends>
                </field>
                <field id="google_icon_color" translate="label" type="text" sortOrder="94"
                       showInDefault="1" showInWebsite="1" showInStore="1">
                    <label>Icon Color</label>
                    <validate>required-entry</validate>
                    <depends>
                        <field id="enable_google_icon">1</field>
                        <field id="standard_icon_colors">0</field>
                    </depends>
                </field>
                <field id="google_icon_hover_background" translate="label" type="text" sortOrder="93"
                       showInDefault="1" showInWebsite="1" showInStore="1">
                    <label>Background Hover Color</label>
                    <validate>required-entry</validate>
                    <depends>
                        <field id="enable_google_icon">1</field>
                        <field id="standard_icon_colors">0</field>
                    </depends>
                </field>
                <field id="google_icon_hover_color" translate="label" type="text" sortOrder="95"
                       showInDefault="1" showInWebsite="1" showInStore="1">
                    <label>Icon Hover Color</label>
                    <validate>required-entry</validate>
                    <depends>
                        <field id="enable_google_icon">1</field>
                        <field id="standard_icon_colors">0</field>
                    </depends>
                </field>
                <field id="enable_youtube_icon" translate="label" type="select" sortOrder="100"
                       showInDefault="1" showInWebsite="1" showInStore="1">
                    <label>Enable YouTube?</label>
                    <source_model>Magento\Config\Model\Config\Source\Yesno</source_model>
                </field>
                <field id="youtube_link" translate="label" type="text" sortOrder="101"
                       showInDefault="1" showInWebsite="1" showInStore="1">
                    <label>Link</label>
                    <validate>required-entry</validate>
                    <depends>
                        <field id="enable_youtube_icon">1</field>
                    </depends>
                </field>
                <field id="youtube_icon_background" translate="label" type="text" sortOrder="102"
                       showInDefault="1" showInWebsite="1" showInStore="1">
                    <label>Background Color</label>
                    <validate>required-entry</validate>
                    <depends>
                        <field id="enable_youtube_icon">1</field>
                        <field id="standard_icon_colors">0</field>
                    </depends>
                </field>
                <field id="youtube_icon_color" translate="label" type="text" sortOrder="104"
                       showInDefault="1" showInWebsite="1" showInStore="1">
                    <label>Icon Color</label>
                    <validate>required-entry</validate>
                    <depends>
                        <field id="enable_youtube_icon">1</field>
                        <field id="standard_icon_colors">0</field>
                    </depends>
                </field>
                <field id="youtube_icon_hover_background" translate="label" type="text" sortOrder="103"
                       showInDefault="1" showInWebsite="1" showInStore="1">
                    <label>Background Hover Color</label>
                    <validate>required-entry</validate>
                    <depends>
                        <field id="enable_youtube_icon">1</field>
                        <field id="standard_icon_colors">0</field>
                    </depends>
                </field>
                <field id="youtube_icon_hover_color" translate="label" type="text" sortOrder="105"
                       showInDefault="1" showInWebsite="1" showInStore="1">
                    <label>Icon Hover Color</label>
                    <validate>required-entry</validate>
                    <depends>
                        <field id="enable_youtube_icon">1</field>
                        <field id="standard_icon_colors">0</field>
                    </depends>
                </field>
                <field id="enable_flickr_icon" translate="label" type="select" sortOrder="110"
                       showInDefault="1" showInWebsite="1" showInStore="1">
                    <label>Enable Flickr?</label>
                    <source_model>Magento\Config\Model\Config\Source\Yesno</source_model>
                </field>
                <field id="flickr_link" translate="label" type="text" sortOrder="111"
                       showInDefault="1" showInWebsite="1" showInStore="1">
                    <label>Link</label>
                    <validate>required-entry</validate>
                    <depends>
                        <field id="enable_flickr_icon">1</field>
                    </depends>
                </field>
                <field id="flickr_icon_background" translate="label" type="text" sortOrder="112"
                       showInDefault="1" showInWebsite="1" showInStore="1">
                    <label>Background Color</label>
                    <validate>required-entry</validate>
                    <depends>
                        <field id="enable_flickr_icon">1</field>
                        <field id="standard_icon_colors">0</field>
                    </depends>
                </field>
                <field id="flickr_icon_color" translate="label" type="text" sortOrder="114"
                       showInDefault="1" showInWebsite="1" showInStore="1">
                    <label>Icon Color</label>
                    <validate>required-entry</validate>
                    <depends>
                        <field id="enable_flickr_icon">1</field>
                        <field id="standard_icon_colors">0</field>
                    </depends>
                </field>
                <field id="flickr_icon_hover_background" translate="label" type="text" sortOrder="113"
                       showInDefault="1" showInWebsite="1" showInStore="1">
                    <label>Background Hover Color</label>
                    <validate>required-entry</validate>
                    <depends>
                        <field id="enable_flickr_icon">1</field>
                        <field id="standard_icon_colors">0</field>
                    </depends>
                </field>
                <field id="flickr_icon_hover_color" translate="label" type="text" sortOrder="115"
                       showInDefault="1" showInWebsite="1" showInStore="1">
                    <label>Icon Hover Color</label>
                    <validate>required-entry</validate>
                    <depends>
                        <field id="enable_flickr_icon">1</field>
                        <field id="standard_icon_colors">0</field>
                    </depends>
                </field>
                <field id="enable_vimeo_icon" translate="label" type="select" sortOrder="120"
                       showInDefault="1" showInWebsite="1" showInStore="1">
                    <label>Enable Vimeo?</label>
                    <source_model>Magento\Config\Model\Config\Source\Yesno</source_model>
                </field>
                <field id="vimeo_link" translate="label" type="text" sortOrder="121"
                       showInDefault="1" showInWebsite="1" showInStore="1">
                    <label>Link</label>
                    <validate>required-entry</validate>
                    <depends>
                        <field id="enable_vimeo_icon">1</field>
                    </depends>
                </field>
                <field id="vimeo_icon_background" translate="label" type="text" sortOrder="122"
                       showInDefault="1" showInWebsite="1" showInStore="1">
                    <label>Background Color</label>
                    <validate>required-entry</validate>
                    <depends>
                        <field id="enable_vimeo_icon">1</field>
                        <field id="standard_icon_colors">0</field>
                    </depends>
                </field>
                <field id="vimeo_icon_color" translate="label" type="text" sortOrder="124"
                       showInDefault="1" showInWebsite="1" showInStore="1">
                    <label>Icon Color</label>
                    <validate>required-entry</validate>
                    <depends>
                        <field id="enable_vimeo_icon">1</field>
                        <field id="standard_icon_colors">0</field>
                    </depends>
                </field>
                <field id="vimeo_icon_hover_background" translate="label" type="text" sortOrder="123"
                       showInDefault="1" showInWebsite="1" showInStore="1">
                    <label>Background Hover Color</label>
                    <validate>required-entry</validate>
                    <depends>
                        <field id="enable_vimeo_icon">1</field>
                        <field id="standard_icon_colors">0</field>
                    </depends>
                </field>
                <field id="vimeo_icon_hover_color" translate="label" type="text" sortOrder="125"
                       showInDefault="1" showInWebsite="1" showInStore="1">
                    <label>Icon Hover Color</label>
                    <validate>required-entry</validate>
                    <depends>
                        <field id="enable_vimeo_icon">1</field>
                        <field id="standard_icon_colors">0</field>
                    </depends>
                </field>
                <field id="enable_pinterest_icon" translate="label" type="select" sortOrder="130"
                       showInDefault="1" showInWebsite="1" showInStore="1">
                    <label>Enable Pinterest?</label>
                    <source_model>Magento\Config\Model\Config\Source\Yesno</source_model>
                </field>
                <field id="pinterest_link" translate="label" type="text" sortOrder="131"
                       showInDefault="1" showInWebsite="1" showInStore="1">
                    <label>Link</label>
                    <validate>required-entry</validate>
                    <depends>
                        <field id="enable_pinterest_icon">1</field>
                    </depends>
                </field>
                <field id="pinterest_icon_background" translate="label" type="text" sortOrder="132"
                       showInDefault="1" showInWebsite="1" showInStore="1">
                    <label>Background Color</label>
                    <validate>required-entry</validate>
                    <depends>
                        <field id="enable_pinterest_icon">1</field>
                        <field id="standard_icon_colors">0</field>
                    </depends>
                </field>
                <field id="pinterest_icon_color" translate="label" type="text" sortOrder="134"
                       showInDefault="1" showInWebsite="1" showInStore="1">
                    <label>Icon Color</label>
                    <validate>required-entry</validate>
                    <depends>
                        <field id="enable_pinterest_icon">1</field>
                        <field id="standard_icon_colors">0</field>
                    </depends>
                </field>
                <field id="pinterest_icon_hover_background" translate="label" type="text" sortOrder="133"
                       showInDefault="1" showInWebsite="1" showInStore="1">
                    <label>Background Hover Color</label>
                    <validate>required-entry</validate>
                    <depends>
                        <field id="enable_pinterest_icon">1</field>
                        <field id="standard_icon_colors">0</field>
                    </depends>
                </field>
                <field id="pinterest_icon_hover_color" translate="label" type="text" sortOrder="135"
                       showInDefault="1" showInWebsite="1" showInStore="1">
                    <label>Icon Hover Color</label>
                    <validate>required-entry</validate>
                    <depends>
                        <field id="enable_pinterest_icon">1</field>
                        <field id="standard_icon_colors">0</field>
                    </depends>
                </field>
                <field id="enable_instagram_icon" translate="label" type="select" sortOrder="140"
                       showInDefault="1" showInWebsite="1" showInStore="1">
                    <label>Enable Instagram?</label>
                    <source_model>Magento\Config\Model\Config\Source\Yesno</source_model>
                </field>
                <field id="instagram_link" translate="label" type="text" sortOrder="141"
                       showInDefault="1" showInWebsite="1" showInStore="1">
                    <label>Link</label>
                    <validate>required-entry</validate>
                    <depends>
                        <field id="enable_instagram_icon">1</field>
                    </depends>
                </field>
                <field id="instagram_icon_background" translate="label" type="text" sortOrder="142"
                       showInDefault="1" showInWebsite="1" showInStore="1">
                    <label>Background Color</label>
                    <validate>required-entry</validate>
                    <depends>
                        <field id="enable_instagram_icon">1</field>
                        <field id="standard_icon_colors">0</field>
                    </depends>
                </field>
                <field id="instagram_icon_color" translate="label" type="text" sortOrder="144"
                       showInDefault="1" showInWebsite="1" showInStore="1">
                    <label>Icon Color</label>
                    <validate>required-entry</validate>
                    <depends>
                        <field id="enable_instagram_icon">1</field>
                        <field id="standard_icon_colors">0</field>
                    </depends>
                </field>
                <field id="instagram_icon_hover_background" translate="label" type="text" sortOrder="143"
                       showInDefault="1" showInWebsite="1" showInStore="1">
                    <label>Background Hover Color</label>
                    <validate>required-entry</validate>
                    <depends>
                        <field id="enable_instagram_icon">1</field>
                        <field id="standard_icon_colors">0</field>
                    </depends>
                </field>
                <field id="instagram_icon_hover_color" translate="label" type="text" sortOrder="145"
                       showInDefault="1" showInWebsite="1" showInStore="1">
                    <label>Icon Hover Color</label>
                    <validate>required-entry</validate>
                    <depends>
                        <field id="enable_instagram_icon">1</field>
                        <field id="standard_icon_colors">0</field>
                    </depends>
                </field>
                <field id="enable_foursquare_icon" translate="label" type="select" sortOrder="150"
                       showInDefault="1" showInWebsite="1" showInStore="1">
                    <label>Enable FourSquare?</label>
                    <source_model>Magento\Config\Model\Config\Source\Yesno</source_model>
                </field>
                <field id="foursquare_link" translate="label" type="text" sortOrder="151"
                       showInDefault="1" showInWebsite="1" showInStore="1">
                    <label>Link</label>
                    <validate>required-entry</validate>
                    <depends>
                        <field id="enable_foursquare_icon">1</field>
                    </depends>
                </field>
                <field id="foursquare_icon_background" translate="label" type="text" sortOrder="152"
                       showInDefault="1" showInWebsite="1" showInStore="1">
                    <label>Background Color</label>
                    <validate>required-entry</validate>
                    <depends>
                        <field id="enable_foursquare_icon">1</field>
                        <field id="standard_icon_colors">0</field>
                    </depends>
                </field>
                <field id="foursquare_icon_color" translate="label" type="text" sortOrder="154"
                       showInDefault="1" showInWebsite="1" showInStore="1">
                    <label>Icon Color</label>
                    <validate>required-entry</validate>
                    <depends>
                        <field id="enable_foursquare_icon">1</field>
                        <field id="standard_icon_colors">0</field>
                    </depends>
                </field>
                <field id="foursquare_icon_hover_background" translate="label" type="text" sortOrder="153"
                       showInDefault="1" showInWebsite="1" showInStore="1">
                    <label>Background Hover Color</label>
                    <validate>required-entry</validate>
                    <depends>
                        <field id="enable_foursquare_icon">1</field>
                        <field id="standard_icon_colors">0</field>
                    </depends>
                </field>
                <field id="foursquare_icon_hover_color" translate="label" type="text" sortOrder="155"
                       showInDefault="1" showInWebsite="1" showInStore="1">
                    <label>Icon Hover Color</label>
                    <validate>required-entry</validate>
                    <depends>
                        <field id="enable_foursquare_icon">1</field>
                        <field id="standard_icon_colors">0</field>
                    </depends>
                </field>
                <field id="enable_tumblr_icon" translate="label" type="select" sortOrder="160"
                       showInDefault="1" showInWebsite="1" showInStore="1">
                    <label>Enable Tumblr?</label>
                    <source_model>Magento\Config\Model\Config\Source\Yesno</source_model>
                </field>
                <field id="tumblr_link" translate="label" type="text" sortOrder="161"
                       showInDefault="1" showInWebsite="1" showInStore="1">
                    <label>Link</label>
                    <validate>required-entry</validate>
                    <depends>
                        <field id="enable_tumblr_icon">1</field>
                    </depends>
                </field>
                <field id="tumblr_icon_background" translate="label" type="text" sortOrder="162"
                       showInDefault="1" showInWebsite="1" showInStore="1">
                    <label>Background Color</label>
                    <validate>required-entry</validate>
                    <depends>
                        <field id="enable_tumblr_icon">1</field>
                        <field id="standard_icon_colors">0</field>
                    </depends>
                </field>
                <field id="tumblr_icon_color" translate="label" type="text" sortOrder="164"
                       showInDefault="1" showInWebsite="1" showInStore="1">
                    <label>Icon Color</label>
                    <validate>required-entry</validate>
                    <depends>
                        <field id="enable_tumblr_icon">1</field>
                        <field id="standard_icon_colors">0</field>
                    </depends>
                </field>
                <field id="tumblr_icon_hover_background" translate="label" type="text" sortOrder="163"
                       showInDefault="1" showInWebsite="1" showInStore="1">
                    <label>Background Hover Color</label>
                    <validate>required-entry</validate>
                    <depends>
                        <field id="enable_tumblr_icon">1</field>
                        <field id="standard_icon_colors">0</field>
                    </depends>
                </field>
                <field id="tumblr_icon_hover_color" translate="label" type="text" sortOrder="165"
                       showInDefault="1" showInWebsite="1" showInStore="1">
                    <label>Icon Hover Color</label>
                    <validate>required-entry</validate>
                    <depends>
                        <field id="enable_tumblr_icon">1</field>
                        <field id="standard_icon_colors">0</field>
                    </depends>
                </field>
                <field id="enable_rss_icon" translate="label" type="select" sortOrder="170"
                       showInDefault="1" showInWebsite="1" showInStore="1">
                    <label>Enable RSS?</label>
                    <source_model>Magento\Config\Model\Config\Source\Yesno</source_model>
                </field>
                <field id="rss_link" translate="label" type="text" sortOrder="171"
                       showInDefault="1" showInWebsite="1" showInStore="1">
                    <label>Link</label>
                    <validate>required-entry</validate>
                    <depends>
                        <field id="enable_rss_icon">1</field>
                    </depends>
                </field>
                <field id="rss_icon_background" translate="label" type="text" sortOrder="172"
                       showInDefault="1" showInWebsite="1" showInStore="1">
                    <label>Background Color</label>
                    <validate>required-entry</validate>
                    <depends>
                        <field id="enable_rss_icon">1</field>
                        <field id="standard_icon_colors">0</field>
                    </depends>
                </field>
                <field id="rss_icon_color" translate="label" type="text" sortOrder="174"
                       showInDefault="1" showInWebsite="1" showInStore="1">
                    <label>Icon Color</label>
                    <validate>required-entry</validate>
                    <depends>
                        <field id="enable_rss_icon">1</field>
                        <field id="standard_icon_colors">0</field>
                    </depends>
                </field>
                <field id="rss_icon_hover_background" translate="label" type="text" sortOrder="173"
                       showInDefault="1" showInWebsite="1" showInStore="1">
                    <label>Background Hover Color</label>
                    <validate>required-entry</validate>
                    <depends>
                        <field id="enable_rss_icon">1</field>
                        <field id="standard_icon_colors">0</field>
                    </depends>
                </field>
                <field id="rss_icon_hover_color" translate="label" type="text" sortOrder="175"
                       showInDefault="1" showInWebsite="1" showInStore="1">
                    <label>Icon Hover Color</label>
                    <validate>required-entry</validate>
                    <depends>
                        <field id="enable_rss_icon">1</field>
                        <field id="standard_icon_colors">0</field>
                    </depends>
                </field>
            </group>
        </section>
    </system>
</config>