<?xml version="1.0"?>
<!--
/**
 * Copyright © 2016 SalesIds. All rights reserved.
 * See COPYING.txt for license details.
 */
-->
<config xmlns:xsi="http://www.w3.org/2001/XMLSchema-instance" xsi:noNamespaceSchemaLocation="urn:magento:module:Magento_Config:etc/system_file.xsd">
    <system>
        <section id="catalog">
            <group id="search">
                <field id="salesids_ajax_product_search" translate="label" type="select" sortOrder="17" showInDefault="1" showInWebsite="1" showInStore="1">
                    <label>Use Advanced AJAX Product Search In Main Search</label>
                    <source_model>Magento\Config\Model\Config\Source\Yesno</source_model>
                </field>
            </group>
        </section>
    </system>
</config>
