<?xml version="1.0"?>
<config xmlns:xsi="http://www.w3.org/2001/XMLSchema-instance"
xsi:noNamespaceSchemaLocation="../../../Backend/etc/system_file.xsd">
	<system>
		<tab id="magerips" translate="label" sortOrder="1">
			<label>Magerips Extensions</label>
		</tab>
		<section id="socialsharing" translate="label" sortOrder="1" showInDefault="1" showInWebsite="1" showInStore="1">
			<label>Social Sharing</label>
			<tab>magerips</tab>
			<resource>Magerips_SocialSharing::system_config</resource>
			<group id="whatsapp" translate="label" type="text" sortOrder="1" showInDefault="1" showInStore="1" showInWebsite="1">
				<label>Whatsapp Sharing Options</label>
				<field id="enable_whatsapp" translate="label" type="select" sortOrder="1" showInDefault="1" showInStore="1" showInWebsite="1">
					<label>Enable in Frontend</label>
					<source_model>Magento\Config\Model\Config\Source\Yesno</source_model>
				</field>
				<field id="button_text" translate="label comment" type="text" sortOrder="2" showInDefault="1" showInStore="1" showInWebsite="1">
					<label>Button Text</label>
					<validate>required-entry</validate>
				</field>
				<field id="share_desc" translate="label comment" type="textarea" sortOrder="3" showInDefault="1" showInStore="1" showInWebsite="1">
					<label>Share Text For Product</label>
					<comment>You can use [product-title],[product-description] and [product-price] for display product title,description and price for share message</comment>
					<validate>required-entry</validate>
				</field>
				<field id="description_limit" translate="label comment" type="text" sortOrder="4" showInDefault="1" showInStore="1" showInWebsite="1">
					<label>Description Limit</label>
				</field>
				<field id="button_size" translate="label" type="select" 
sortOrder="5" showInDefault="1" showInWebsite="1" showInStore="1">
                    <label>Button Size</label>
					<source_model>Magerips\SocialSharing\Model\System\Config\WhatsappButton\Buttonsize</source_model>
                </field>
			</group>
			<group id="facebook" translate="label" type="text" sortOrder="2" showInDefault="1" showInStore="1" showInWebsite="1">
				<label>Facebook Sharing Options</label>
				<field id="enable_facebook" translate="label" type="select" sortOrder="1" showInDefault="1" showInStore="1" showInWebsite="1">
					<label>Enable Facebook Sharing</label>
					<source_model>Magento\Config\Model\Config\Source\Yesno</source_model>
				</field>
				<field id="fb_id" translate="label" type="text" sortOrder="2" showInDefault="1" showInStore="1" showInWebsite="1">
					<label>Facebook ID</label>
					<comment>Leave it blank if you don't have any facebook id</comment>
				</field>
				<field id="display_onlylike" translate="label" type="select" sortOrder="3" showInDefault="1" showInStore="1" showInWebsite="1">
					<label>Display Only Like</label>
					<source_model>Magento\Config\Model\Config\Source\Yesno</source_model>
				</field>
				<field id="display_facebook_count" translate="label" type="select" sortOrder="4" showInDefault="1" showInStore="1" showInWebsite="1">
					<label>Display Count</label>
					<source_model>Magento\Config\Model\Config\Source\Yesno</source_model>
				</field>
			</group>
			<group id="googleplus" translate="label" type="text" sortOrder="3" showInDefault="1" showInStore="1" showInWebsite="1">
				<label>Google Sharing Options</label>
				<field id="enable_google_plus" translate="label" type="select" sortOrder="1" showInDefault="1" showInStore="1" showInWebsite="1">
					<label>Enable Google +1 Button</label>
					<source_model>Magento\Config\Model\Config\Source\Yesno</source_model>
				</field>
				<field id="enable_google_share" translate="label" type="select" sortOrder="2" showInDefault="1" showInStore="1" showInWebsite="1">
					<label>Enable Google Share Button</label>
					<source_model>Magento\Config\Model\Config\Source\Yesno</source_model>
				</field>
				<field id="display_google_count" translate="label" type="select" sortOrder="3" showInDefault="1" showInStore="1" showInWebsite="1">
					<label>Display Count</label>
					<source_model>Magento\Config\Model\Config\Source\Yesno</source_model>
				</field>
			</group>
			<group id="twitter" translate="label" type="text" sortOrder="4" showInDefault="1" showInStore="1" showInWebsite="1">
				<label>Twitter Sharing Options</label>
				<field id="enable_twitter" translate="label" type="select" sortOrder="1" showInDefault="1" showInStore="1" showInWebsite="1">
					<label>Enable Twitter Button</label>
					<source_model>Magento\Config\Model\Config\Source\Yesno</source_model>
				</field>
			</group>
			<group id="pinitsharing" translate="label" type="text" sortOrder="5" showInDefault="1" showInStore="1" showInWebsite="1">
				<label>Pin It Sharing Options</label>
				<field id="enable_pinit" translate="label" type="select" sortOrder="1" showInDefault="1" showInStore="1" showInWebsite="1">
					<label>Enable Pin It Button</label>
					<source_model>Magento\Config\Model\Config\Source\Yesno</source_model>
				</field>
				<field id="display_pinit_count" translate="label" type="select" sortOrder="2" showInDefault="1" showInStore="1" showInWebsite="1">
					<label>Display Count</label>
					<source_model>Magento\Config\Model\Config\Source\Yesno</source_model>
				</field>
			</group>
		</section>
	</system>
</config>