<?xml version="1.0"?>
<!-- 
/**
 * MageWorx
 * Donations Ultimate Extension
 *
 * @category   MageWorx
 * @package    MageWorx_Donations
 * @copyright  Copyright (c) 2015 MageWorx (http://www.mageworx.com/)
 */
-->
<config>
    <modules>
        <MageWorx_Donations>
            <active>true</active>
            <codePool>community</codePool>
            <depends>
                <Mage_Sales />
                <MageWorx_All />
            </depends>
            <extension_name>Donations Ultimate</extension_name>
        </MageWorx_Donations>
    </modules>
</config>