<?xml version="1.0"?>
<!--
/**
 * Ebizmarts_Autoresponder Magento JS component
 *
 * @category    Ebizmarts
 * @package     Ebizmarts_Autoresponder
 * @author      Ebizmarts Team <info@ebizmarts.com>
 * @copyright   Ebizmarts (http://ebizmarts.com)
 * @license     http://opensource.org/licenses/osl-3.0.php  Open Software License (OSL 3.0)
 */
-->
<config xmlns:xsi="http://www.w3.org/2001/XMLSchema-instance" xsi:noNamespaceSchemaLocation="urn:magento:module:Magento_Config:etc/system_file.xsd">
    <system>
        <tab id="magemonkey" translate="label" sortOrder="450">
            <label>MageMonkey</label>
        </tab>
        <section id="autoresponder" translate="label" type="text" sortOrder="320" showInDefault="1" showInWebsite="1" showInStore="1">
            <class>separator-top</class>
            <label>Autoresponder</label>
            <tab>magemonkey</tab>
            <resource>Ebizmarts_AutoResponder::config_autoresponder</resource>
            <group id="hint" translate="label" type="text" sortOrder="0" showInDefault="1" showInWebsite="1" showInStore="1">
                <frontend_model>Ebizmarts\AutoResponder\Block\Adminhtml\System\Config\Fieldset\Hint</frontend_model>
            </group>
            <group id="general" translate="label" type="text" sortOrder="10" showInDefault="1" showInWebsite="1" showInStore="1">
                <label>AutoResponders Emails General</label>
                <field id="active" translate="label" type="select" showInDefault="1" showInWebsite="1" showInStore="1">
                    <label>Enabled</label>
                    <source_model>Magento\Config\Model\Config\Source\Yesno</source_model>
                </field>
                <field id="log" translate="label" type="select" sortOrder="10" showInDefault="1" showInWebsite="1" showInStore="1">
                    <label>Log Activated</label>
                    <source_model>Magento\Config\Model\Config\Source\Yesno</source_model>
                    <depends>
                        <field id="*/*/active">1</field>
                    </depends>
                </field>
                <field id="identity" translate="label" type="select" sortOrder="20" showInDefault="1" showInWebsite="1" showInStore="1">
                    <label>Sender</label>
                    <source_model>Magento\Config\Model\Config\Source\Email\Identity</source_model>
                    <depends>
                        <field id="*/*/active">1</field>
                    </depends>
                </field>
            </group>
            <group id="neworder" translate="label" type="text" sortOrder="20" showInStore="1" showInWebsite="1" showInDefault="1">
                <label>After New Order</label>
                <field id="active" translate="label" type="select" sortOrder="10" showInDefault="1" showInStore="1" showInWebsite="1">
                    <label>Enabled</label>
                    <source_model>Magento\Config\Model\Config\Source\Yesno</source_model>
                </field>
                <field id="trigger" translate="label" type="select" sortOrder="20" showInDefault="1" showInStore="1" showInWebsite="1">
                    <label>Set email trigger</label>
                    <source_model>Ebizmarts\AutoResponder\Model\System\Config\Newordertrigger</source_model>
                    <depends>
                        <field id="*/*/active">1</field>
                    </depends>
                </field>
                <field id="days" translate="label" type="text" sortOrder="30" showInDefault="1" showInWebsite="1" showInStore="1">
                    <label>Days after order</label>
                    <depends>
                        <field id="*/*/active">1</field>
                        <field id="*/*/trigger" separator=",">0,2</field>
                    </depends>
                </field>
                <field id="order_status" translate="label" type="select" sortOrder="40" showInDefault="1" showInWebsite="1" showInStore="1">
                    <label>Order Status</label>
                    <source_model>Magento\Sales\Model\Config\Source\Order\Status</source_model>
                    <depends>
                        <field id="*/*/active">1</field>
                        <field id="*/*/trigger" separator=",">1,2</field>
                    </depends>
                </field>
                <field id="subject" translate="label" type="text" sortOrder="50" showInDefault="1" showInStore="1" showInWebsite="1">
                    <label>Email Subject</label>
                    <depends>
                        <field id="*/*/active">1</field>
                    </depends>
                </field>
                <field id="template" translate="label" type="select" sortOrder="60" showInDefault="1" showInWebsite="1" showInStore="1">
                    <label>Email Template</label>
                    <source_model>Magento\Config\Model\Config\Source\Email\Template</source_model>
                    <depends>
                        <field id="*/*/active">1</field>
                    </depends>
                </field>
                <field id="mandrill_tag" translate="label" type="text" sortOrder="70" showInDefault="1" showInWebsite="1" showInStore="1">
                    <label>Mandrill Tag</label>
                    <depends>
                        <field id="*/*/active">1</field>
                    </depends>
                </field>
                <field id="customer" translate="label" type="multiselect" sortOrder="80" showInDefault="1" showInWebsite="1" showInStore="1">
                    <label>Customer Groups</label>
                    <source_model>Ebizmarts\AutoResponder\Model\System\Config\Customergroup</source_model>
                    <depends>
                        <field id="*/*/active">1</field>
                    </depends>
                </field>
                <field id="cron_time" translate="label" type="select" sortOrder="90" showInDefault="1" showInWebsite="1" showInStore="1">
                    <label>Hour to send email</label>
                    <source_model>Ebizmarts\AutoResponder\Model\System\Config\Hours</source_model>
                    <depends>
                        <field id="*/*/active">1</field>
                        <field id="*/*/trigger">0</field>
                    </depends>
                </field>
            </group>
            <group id="birthday" translate="label" type="text" sortOrder="30" showInDefault="1" showInWebsite="1" showInStore="1">
                <label>Before Customer Birthday</label>
                <field id="hint" translate="label" type="text" sortOrder="10" showInDefault="1" showInWebsite="1" showInStore="1">
                    <frontend_model>Ebizmarts\AutoResponder\Block\Adminhtml\System\Config\Birthday\Fieldset\Hint</frontend_model>
                </field>
                <field id="active" translate="label" type="select" sortOrder="20" showInDefault="1" showInStore="1" showInWebsite="1">
                    <label>Enabled</label>
                    <source_model>Magento\Config\Model\Config\Source\Yesno</source_model>
                </field>
                <field id="days" translate="label" type="text" sortOrder="30" showInDefault="1" showInWebsite="1" showInStore="1">
                    <label>Days before birthday</label>
                    <depends>
                        <field id="*/*/active">1</field>
                    </depends>
                </field>
                <field id="subject" translate="label" type="text" sortOrder="40" showInDefault="1" showInStore="1" showInWebsite="1">
                    <label>Email Subject</label>
                    <depends>
                        <field id="*/*/active">1</field>
                    </depends>
                </field>
                <field id="template" translate="label" type="select" sortOrder="50" showInDefault="1" showInWebsite="1" showInStore="1">
                    <label>Email Template</label>
                    <source_model>Magento\Config\Model\Config\Source\Email\Template</source_model>
                    <depends>
                        <field id="*/*/active">1</field>
                    </depends>
                </field>
                <field id="mandrill_tag" translate="label" type="text" sortOrder="60" showInDefault="1" showInWebsite="1" showInStore="1">
                    <label>Mandrill Tag</label>
                    <depends>
                        <field id="*/*/active">1</field>
                    </depends>
                </field>
                <field id="customer" translate="label" type="multiselect" sortOrder="70" showInDefault="1" showInWebsite="1" showInStore="1">
                    <label>Customer Groups</label>
                    <source_model>Ebizmarts\AutoResponder\Model\System\Config\Customergroup</source_model>
                    <depends>
                        <field id="*/*/active">1</field>
                    </depends>
                </field>
                <field id="coupon" translate="label" type="select" sortOrder="80" showInDefault="1" showInStore="1" showInWebsite="1">
                    <label>Create coupon?</label>
                    <source_model>Magento\Config\Model\Config\Source\Yesno</source_model>
                    <depends>
                        <field id="*/*/active">1</field>
                    </depends>
                </field>
                <field id="customer_coupon" translate="label" type="multiselect" sortOrder="90" showInDefault="1" showInWebsite="1" showInStore="1">
                    <label>Customer Groups for coupon</label>
                    <source_model>Ebizmarts\AutoResponder\Model\System\Config\Customergroup</source_model>
                    <depends>
                        <field id="*/*/active">1</field>
                        <field id="*/*/coupon">1</field>
                    </depends>
                </field>
                <field id="automatic" translate="label" type="select" sortOrder="100" showInDefault="1" showInWebsite="1" showInStore="1">
                    <label>Customer Groups for coupon</label>
                    <source_model>Ebizmarts\AutoResponder\Model\System\Config\Automatic</source_model>
                    <depends>
                        <field id="*/*/active">1</field>
                        <field id="*/*/coupon">1</field>
                    </depends>
                </field>
                <field id="coupon_code" translate="label" type="text" sortOrder="110" showInDefault="1" showInWebsite="1" showInStore="1">
                    <label>Coupon Code</label>
                    <comment><![CDATA[The code of an existing coupon]]></comment>
                    <depends>
                        <field id="*/*/active">1</field>
                        <field id="*/*/coupon">1</field>
                        <field id="*/*/automatic">1</field>
                    </depends>
                </field>
                <field id="expire" translate="label" type="text" sortOrder="120" showInDefault="1" showInWebsite="1" showInStore="1">
                    <label>Expire on</label>
                    <comment><![CDATA[The coupon expiration in days]]></comment>
                    <depends>
                        <field id="*/*/active">1</field>
                        <field id="*/*/coupon">1</field>
                        <field id="*/*/automatic">2</field>
                    </depends>
                </field>
                <field id="length" translate="label" type="text" sortOrder="130" showInDefault="1" showInWebsite="1" showInStore="1">
                    <label>Coupon length</label>
                    <depends>
                        <field id="*/*/active">1</field>
                        <field id="*/*/coupon">1</field>
                        <field id="*/*/automatic">2</field>
                    </depends>
                </field>
                <field id="discounttype" translate="label" type="select" sortOrder="140" showInDefault="1" showInWebsite="1" showInStore="1">
                    <label>Discount type</label>
                    <source_model>Ebizmarts\AutoResponder\Model\System\Config\Discounttype</source_model>
                    <comment><![CDATA[Select percentage or fixed discount]]></comment>
                    <depends>
                        <field id="*/*/active">1</field>
                        <field id="*/*/coupon">1</field>
                        <field id="*/*/automatic">2</field>
                    </depends>
                </field>
                <field id="discount" translate="label" type="text" sortOrder="150" showInDefault="1" showInWebsite="1" showInStore="1">
                    <label>Discount amount</label>
                    <depends>
                        <field id="*/*/active">1</field>
                        <field id="*/*/coupon">1</field>
                        <field id="*/*/automatic">2</field>
                    </depends>
                </field>
                <field id="couponlabel" translate="label" type="text" sortOrder="160" showInDefault="1" showInWebsite="1" showInStore="1">
                    <label>Label for coupon</label>
                    <depends>
                        <field id="*/*/active">1</field>
                        <field id="*/*/coupon">1</field>
                        <field id="*/*/automatic">2</field>
                    </depends>
                </field>
                <field id="cron_time" translate="label" type="select" sortOrder="170" showInDefault="1" showInWebsite="1" showInStore="1">
                    <label>Hour to send email</label>
                    <source_model>Ebizmarts\AutoResponder\Model\System\Config\Hours</source_model>
                    <depends>
                        <field id="*/*/active">1</field>
                    </depends>
                </field>
            </group>
        </section>
    </system>
</config>