<?xml version="1.0"?>
<!--
/**
 * MageWorx
 * Donations Ultimate Extension
 *
 * @category   MageWorx
 * @package    MageWorx_Donations
 * @copyright  Copyright (c) 2015 MageWorx (http://www.mageworx.com/)
 */
-->

<config>
    <menu>
        <sales>
            <children>
                <mageworx_donations translate="title" module="mageworx_donations">
                    <title>Donations</title>
                    <sort_order>10</sort_order>
                    <children>
                        <statistic translate="title" module="mageworx_donations">
                            <title>Statistics</title>
                            <sort_order>1</sort_order>
                            <action>adminhtml/mageworx_donations_donations/</action>
                        </statistic>
                        <charity translate="title" module="mageworx_donations">
                            <title>Charity</title>
                            <sort_order>2</sort_order>
                            <action>adminhtml/mageworx_donations_charity/</action>
                        </charity>
                    </children>
                </mageworx_donations>
            </children>
        </sales>
    </menu>
    <acl>
        <resources>
            <admin>
                <children>
                    <sales>
                        <children>
                            <mageworx_donations translate="title" module="mageworx_donations">
                                <title>Donations</title>
                                <children>
                                    <statistic translate="title" module="mageworx_donations">
                                        <title>Statistics</title>
                                    </statistic>
                                    <charity translate="title" module="mageworx_donations">
                                        <title>Charity</title>
                                    </charity>
                                </children>
                            </mageworx_donations>
                        </children>
                    </sales>
                    <system>
                        <children>
                            <config>
                                <children>
                                    <mageworx_donations translate="title" module="mageworx_donations">
                                        <title>MageWorx &gt; Donations Ultimate</title>
                                        <sort_order>600</sort_order>
                                        <children>
                                            <main translate="title" module="mageworx_donations">
                                                <title>Main Settings</title>
                                                <sort_order>1</sort_order>
                                            </main>
                                        </children>
                                    </mageworx_donations>
                                </children>
                            </config>
                        </children>
                    </system>
                </children>
            </admin>
        </resources>
    </acl>
</config>