<?xml version="1.0"?>
<!--
/**
 * MageWorx
 * Donations Ultimate Extension
 *
 * @category   MageWorx
 * @package    MageWorx_Donations
 * @copyright  Copyright (c) 2015 MageWorx (http://www.mageworx.com/)
 */
-->
<config>
	<sections>
        <mageworx_donations translate="label" module="mageworx_donations">
            <label>Donations Ultimate</label>
            <tab>mageworx</tab>
            <frontend_type>text</frontend_type>
            <sort_order>600</sort_order>
            <show_in_default>1</show_in_default>
            <show_in_website>1</show_in_website>
            <show_in_store>1</show_in_store>
            <groups>
                <main translate="label" module="mageworx_donations">
                    <label>Main Settings</label>
                    <frontend_type>text</frontend_type>
                    <sort_order>100</sort_order>
                    <show_in_default>1</show_in_default>
                    <show_in_website>1</show_in_website>
                    <show_in_store>1</show_in_store>
                    <fields>
                        <enabled translate="label">
                            <label>Accept Donations</label>
                            <frontend_type>select</frontend_type>
                            <source_model>adminhtml/system_config_source_yesno</source_model>
                            <sort_order>10</sort_order>
                            <show_in_default>1</show_in_default>
                            <show_in_website>1</show_in_website>
                            <show_in_store>1</show_in_store>
                        </enabled>
                        <cart_enabled translate="label">
                            <label>Accept Cart Donations</label>
                            <frontend_type>select</frontend_type>
                            <source_model>adminhtml/system_config_source_yesno</source_model>
                            <sort_order>20</sort_order>
                            <show_in_default>1</show_in_default>
                            <show_in_website>1</show_in_website>
                            <show_in_store>1</show_in_store>
                        </cart_enabled>
                        <cart_position translate="label">
                            <label>Cart Donations Block Position</label>
                            <frontend_type>select</frontend_type>
                            <source_model>mageworx_donations/system_config_source_position</source_model>
                            <sort_order>25</sort_order>
                            <show_in_default>1</show_in_default>
                            <show_in_website>1</show_in_website>
                            <show_in_store>1</show_in_store>
                        </cart_position>
                        <product_enabled translate="label comment">
                            <label>Accept Product Donations</label>
                            <comment>Global setting. Per product setting is also available</comment>
                            <frontend_type>select</frontend_type>
                            <source_model>adminhtml/system_config_source_yesno</source_model>
                            <sort_order>30</sort_order>
                            <show_in_default>1</show_in_default>
                            <show_in_website>1</show_in_website>
                            <show_in_store>1</show_in_store>
                        </product_enabled>
                        <product_border translate="label comment">
                            <label>Add Border on Product Page</label>
                            <comment>This option adds border to donations block on product pages</comment>
                            <frontend_type>select</frontend_type>
                            <source_model>adminhtml/system_config_source_yesno</source_model>
                            <sort_order>35</sort_order>
                            <show_in_default>1</show_in_default>
                            <show_in_website>1</show_in_website>
                            <show_in_store>1</show_in_store>
                        </product_border>
                        <charity_enabled translate="label">
                            <label>Enable Charities</label>
                            <frontend_type>select</frontend_type>
                            <source_model>adminhtml/system_config_source_yesno</source_model>
                            <sort_order>40</sort_order>
                            <show_in_default>1</show_in_default>
                            <show_in_website>1</show_in_website>
                            <show_in_store>1</show_in_store>
                        </charity_enabled>
                        <default_charity translate="label">
                            <label>Default Charity</label>
                            <frontend_type>select</frontend_type>
                            <source_model>mageworx_donations/system_config_source_charities</source_model>
                            <sort_order>50</sort_order>
                            <show_in_default>1</show_in_default>
                            <show_in_website>1</show_in_website>
                            <show_in_store>1</show_in_store>
                        </default_charity>
                        <carity_image_size translate="label comment">
                            <label>Charity Image Size</label>
                            <comment>Set charity image height in pixels</comment>
                            <frontend_type>text</frontend_type>
                            <sort_order>55</sort_order>
                            <show_in_default>1</show_in_default>
                            <show_in_website>1</show_in_website>
                            <show_in_store>1</show_in_store>
                        </carity_image_size>
                        <enabled_automaticroundup translate="label">
                            <label>Enable Automatic Round Up</label>
                            <frontend_type>select</frontend_type>
                            <source_model>adminhtml/system_config_source_yesno</source_model>
                            <sort_order>60</sort_order>
                            <show_in_default>1</show_in_default>
                            <show_in_website>1</show_in_website>
                            <show_in_store>1</show_in_store>
                        </enabled_automaticroundup>
                        <minimum translate="label comment">
                            <label>Minimum Donation</label>
                            <comment>Base currency</comment>
                            <frontend_type>text</frontend_type>
                            <sort_order>70</sort_order>
                            <show_in_default>1</show_in_default>
                            <show_in_website>1</show_in_website>
                            <show_in_store>1</show_in_store>
                        </minimum>
                        <roundupamount translate="label comment">
                            <label>Automatic Round Up Message</label>
                            <comment>Donation $%roundupamount% to %charity%</comment>
                            <frontend_type>text</frontend_type>
                            <sort_order>80</sort_order>
                            <show_in_default>1</show_in_default>
                            <show_in_website>1</show_in_website>
                            <show_in_store>1</show_in_store>
                        </roundupamount>
                        <donation_product translate="label">
                            <label>Donation Product</label>
                            <comment></comment>
                            <frontend_type>select</frontend_type>
                            <frontend_model>mageworx_donations/adminhtml_donations_system_config_frontend_product_create</frontend_model>
                            <sort_order>90</sort_order>
                            <show_in_default>1</show_in_default>
                            <show_in_website>1</show_in_website>
                            <show_in_store>0</show_in_store>
                        </donation_product>
                    </fields>
                </main>
            </groups>
        </mageworx_donations>
        <sales>
            <groups>
                <totals_sort>
                    <fields>
                        <donation translate="label" module="mageworx_donations">
                            <label>Donation</label>
                            <frontend_type>text</frontend_type>
                            <sort_order>5</sort_order>
                            <show_in_default>1</show_in_default>
                            <show_in_website>1</show_in_website>
                            <show_in_store>0</show_in_store>
                        </donation>
                    </fields>
                </totals_sort>
            </groups>
        </sales>
	</sections>
</config>
