<?xml version="1.0"?>
<config xmlns:xsi="http://www.w3.org/2001/XMLSchema-instance" xsi:noNamespaceSchemaLocation="../../../../../../lib/Magento/Framework/Acl/etc/acl.xsd">
    <acl>
        <resources>
            <resource id="Magento_Adminhtml::admin">
                <resource id="Magento_Adminhtml::stores">
                    <resource id="Magento_Adminhtml::stores_settings">
                        <resource id="Magento_Adminhtml::config">
                            <resource id="Ced_SocialLogin::sociallogin_config" title="CedCommerce Social Login" />
                        </resource>
                    </resource>
                </resource>
            </resource>
        </resources>
    </acl>
</config>