<?xml version="1.0"?>
<config xmlns:xsi="http://www.w3.org/2001/XMLSchema-instance" xsi:noNamespaceSchemaLocation="../../../../Magento/Backend/etc/system_file.xsd">
    <system>
        <tab id="cedcommerce" translate="label" sortOrder="100">
             <label><![CDATA[<div style="position: absolute; margin-left: -8px;"><img src="http://cedcommerce.com/media/cedcore/cedcommerce-extensions.png" alt="CedCommerce Extensions" border="0" /></div>&nbsp;]]></label>
        </tab>
         <section id="cedcommerce" translate="label" sortOrder="130" showInDefault="1" showInWebsite="1" showInStore="1">
            <class>separator-top</class>
            <label>Social Login</label>
            <tab>cedcommerce</tab>
            <resource>Ced_SocialLogin::sociallogin_config</resource>
            <group id="ced_sociallogin_google" translate="label" type="text" sortOrder="10" showInDefault="1" showInWebsite="0" showInStore="0">
                <label>Social Login Google Configuration Options</label>
                <field id="enabled" translate="label" type="select" sortOrder="1" showInDefault="1" showInWebsite="0" showInStore="0">
                    <label>Enable Google Login</label>
                    <source_model>Magento\Config\Model\Config\Source\Yesno</source_model>
                </field>
                <field id="client_id" translate="label" type="text" sortOrder="20" showInDefault="1" showInWebsite="0" showInStore="0">
                    <label>Google API Client ID</label>
                    <validate>required-entry</validate>
                    <depends>
                        <field id="enabled">1</field>
                    </depends>
                </field>
                <field id="client_secret" translate="label" type="text" sortOrder="30" showInDefault="1" showInWebsite="0" showInStore="0">
                    <label>Google API Client Secret</label>
                    <validate>required-entry</validate>
                    <depends>
                        <field id="enabled">1</field>
                    </depends>
                </field>
            </group>
            <group id="ced_sociallogin_facebook" translate="label" type="text" sortOrder="20" showInDefault="1" showInWebsite="0" showInStore="0">
                <label>Social Login Facebook Configuration Options</label>
                <field id="enabled" translate="label" type="select" sortOrder="1" showInDefault="1" showInWebsite="0" showInStore="0">
                   <label>Enable Facebook Login</label>
                    <source_model>Magento\Config\Model\Config\Source\Yesno</source_model>
                </field>
                <field id="client_id" translate="label" type="text" sortOrder="20" showInDefault="1" showInWebsite="0" showInStore="0">
                   <label>Facebook App ID</label>
                   <validate>required-entry</validate>
                    <depends>
                        <field id="enabled">1</field>
                    </depends>
                </field>
				<field id="client_secret" translate="label" type="text" sortOrder="30" showInDefault="1" showInWebsite="0" showInStore="0">
				<label>Facebook App Secret</label>
                    <validate>required-entry</validate>
                    <depends>
                        <field id="enabled">1</field>
                    </depends>
                </field>
            </group>
            <group id="ced_sociallogin_twitter" translate="label" type="text" sortOrder="30" showInDefault="1" showInWebsite="0" showInStore="0">
                <label>Social Login Twitter Configuration Options</label>
                <field id="enabled" translate="label" type="select" sortOrder="1" showInDefault="1" showInWebsite="0" showInStore="0">
                    <label>Enable Twitter Login</label>
                    <source_model>Magento\Config\Model\Config\Source\Yesno</source_model>
                </field>
                <field id="client_id" translate="label" type="text" sortOrder="20" showInDefault="1" showInWebsite="0" showInStore="0">
                    <label>Consumer Key</label>
                    <validate>required-entry</validate>
                    <depends>
                        <field id="enabled">1</field>
                    </depends>
                </field>
                <field id="client_secret" translate="label" type="text" sortOrder="30" showInDefault="1" showInWebsite="0" showInStore="0">
                    <label>Consumer Secret</label>
                    <validate>required-entry</validate>
                    <depends>
                        <field id="enabled">1</field>
                    </depends>
                </field>
            </group>
            <group id="ced_sociallogin_linkedin" translate="label" type="text" sortOrder="40" showInDefault="1" showInWebsite="0" showInStore="0">
			  <label>Social Login Linkedin Configuration Options</label>
                <field id="enabled" translate="label" type="select" sortOrder="1" showInDefault="1" showInWebsite="0" showInStore="0">
				   <label>Enable Linkedin Login</label>
                    <source_model>Magento\Config\Model\Config\Source\Yesno</source_model>
                </field>
                <field id="client_id" translate="label" type="text" sortOrder="20" showInDefault="1" showInWebsite="0" showInStore="0">
                    <label>Consumer Key</label>
                    <validate>required-entry</validate>
                    <depends>
                        <field id="enabled">1</field>
                    </depends>
                </field>
                <field id="client_secret" translate="label" type="text" sortOrder="30" showInDefault="1" showInWebsite="0" showInStore="0">
                    <label>Consumer Secret</label>
                    <validate>required-entry</validate>
                    <depends>
                        <field id="enabled">1</field>
                    </depends>
                </field>
            </group>
        </section>
    </system>
</config>